sample,feature,value
S1,F1,-0.38235645046791567
S1,F2,-0.013610732582916507
S1,F3,-1.063111704919622
S1,F4,-1.0468362159236777
S2,F1,-1.9572278146894229
S2,F2,-0.8327641031381321
S2,F3,0.9472166828226635
S2,F4,-0.3567143204291217
S3,F1,1.3964530866462435
S3,F2,0.6800485044135305
S3,F3,-0.036412487563218514
S3,F4,0.517253892693522
S4,F1,0.48737756978225144
S4,F2,-0.39682819266732267
S4,F3,-0.8019542644400708
S4,F4,-2.2880491588369907
S5,F1,0.11474669868174449
S5,F2,0.5352369702076869
S5,F3,-0.02717720736553576
S5,F4,1.664300022039085
S6,F1,-1.1028418050923654
S6,F2,-1.197072024796709
S6,F3,0.9458675444085191
S6,F4,0.4607362389115478
S7,F1,1.1185081591709785
S7,F2,0.810232773204403
S7,F3,-0.6815097047368442
S7,F4,1.0389827985611537
S8,F1,0.7203000218578531
S8,F2,0.5693379847963893
S8,F3,0.21228957781149788
S8,F4,1.6235631195706361
S9,F1,-0.28208026028453087
S9,F2,-0.4821251059084649
S9,F3,-2.037089197516421
S9,F4,-1.1014012900841277
S10,F1,0.8185035060874669
S10,F2,1.0387423738367696
S10,F3,-0.452364252194422
S10,F4,2.106583957841778
