group,gene,mean_expression,fraction
A,Gene1,0.8766301513221907,0.2162179125327963
A,Gene2,0.9434572556937055,0.8305883206727953
A,Gene3,0.2501179461616142,0.8287128927677688
A,Gene4,0.1651262261323646,0.5608434817370214
B,Gene1,2.299560446545998,0.37235002285790514
B,Gene2,2.6287739849550955,0.7742682870352987
B,Gene3,1.9232954380719982,0.391648258680397
B,Gene4,0.4087108349820795,0.6154360442267243
C,Gene1,0.6124178849080174,0.8852696260690865
C,Gene2,2.6375468790790477,0.5202600798701864
C,Gene3,2.069725634292742,0.7406282206735435
C,Gene4,1.0293756213091438,0.1958867469481129
