facet,group,x,y
Condition 1,A,0.23874477955495155,0.19389516541523522
Condition 1,A,0.6679799243985048,0.44538078332116937
Condition 1,A,0.12765638766488252,0.15702204831063182
Condition 1,A,0.7898093832755049,0.8326176828007819
Condition 1,A,0.4229460447715928,0.3524416804500326
Condition 1,A,0.1836603870914313,-0.04946840979531275
Condition 1,A,0.758249565648491,0.7786558138733757
Condition 1,A,0.5542825390272328,0.13909357350769835
Condition 1,A,0.4381450103309691,0.33738329052285265
Condition 1,A,0.24062604181377323,0.23178216462411444
Condition 1,A,0.7813658931947177,0.2587244937826412
Condition 1,A,0.36528505670346056,0.3919448226994174
Condition 1,B,0.16782365513224518,0.5443989019034172
Condition 1,B,0.8114328725032335,0.5965901326787317
Condition 1,B,0.2963472178481993,0.5611368973102736
Condition 1,B,0.7178343572828981,0.8254077458474764
Condition 1,B,0.7187932050275267,0.7727099408655617
Condition 1,B,0.850551259756355,0.6946554355454375
Condition 1,B,0.9796258488514935,0.2277008457061127
Condition 1,B,0.2754808528630017,0.5213358031159061
Condition 1,B,0.6283084586743911,0.6313856959838662
Condition 1,B,0.7392607956370342,0.6141973561487337
Condition 1,B,0.07962933757560675,0.45652946263282707
Condition 1,B,0.6629613377688489,0.671336115876205
Condition 1,C,0.7702414655724522,1.0235378860154012
Condition 1,C,0.07837290492218618,0.7785978840397522
Condition 1,C,0.21213914882577256,0.6288662520813231
Condition 1,C,0.8953850271326209,1.1656519467043804
Condition 1,C,0.8794320598717107,1.1351735345397367
Condition 1,C,0.20557265759667276,0.7185966297465872
Condition 1,C,0.5513756583147158,0.8044210621659611
Condition 1,C,0.26268325844768114,0.7867126182481077
Condition 1,C,0.41628477156613086,0.9377383381768646
Condition 1,C,0.02094484416240605,0.44922578935231283
Condition 1,C,0.28176023673675177,0.7502019629397854
Condition 1,C,0.27068090144591017,0.7450520649573422
Condition 2,A,0.2030974028229966,-0.06817783481438616
Condition 2,A,0.8647679793230478,0.4029587749526193
Condition 2,A,0.5694728969947693,0.2526282468233028
Condition 2,A,0.4875580786370386,0.48722275848179575
Condition 2,A,0.36880428868132864,0.4145248896871795
Condition 2,A,0.29526571288950065,0.3693181562402574
Condition 2,A,0.6788297965535495,0.6513012584742937
Condition 2,A,0.3657350555800003,0.00030730047125840376
Condition 2,A,0.43523470740661496,0.31856498919124565
Condition 2,A,0.7768482879275864,0.502582104538571
Condition 2,A,0.9461829725207951,0.5445238731532971
Condition 2,A,0.9936568534146455,0.8158291012287148
Condition 2,B,0.739900702350839,0.6295677658934122
Condition 2,B,0.3547334554703645,0.478297900452063
Condition 2,B,0.9338325089891943,0.7928637641034773
Condition 2,B,0.9761006353570684,0.613580334718699
Condition 2,B,0.5584557017778705,0.7042241128309932
Condition 2,B,0.9868402765278871,1.1219690791234476
Condition 2,B,0.505794352818757,0.6750272363250389
Condition 2,B,0.43974028393442544,0.30264049636385615
Condition 2,B,0.7854340014599015,0.7068932780483378
Condition 2,B,0.6442476693303388,0.35727961014227677
Condition 2,B,0.2005303566832357,0.12588339854108377
Condition 2,B,0.5149392859956807,0.6563573388123951
Condition 2,C,0.7559488323569789,0.9412558043252595
Condition 2,C,0.17072977658825428,0.8294778699321104
Condition 2,C,0.11610473609591099,0.5037895225600025
Condition 2,C,0.6974639333086391,1.119887702652253
Condition 2,C,0.8880321199869642,1.2656091401581604
Condition 2,C,0.8796672522975737,1.045193557003336
Condition 2,C,0.7419162010314087,1.009195837812887
Condition 2,C,0.9835673000846709,0.880013753994745
Condition 2,C,0.5220921065907778,1.2151262358635742
Condition 2,C,0.7744687729754793,1.1340672413481678
Condition 2,C,0.4171774343880905,0.8344300967026838
Condition 2,C,0.3532556606165881,0.785243470816029
