row,column,value,row_group,column_group
F1,S1,-0.37543900078833764,A,A
F1,S2,-1.036860939676181,A,A
F1,S3,-0.37739914490347093,A,B
F1,S4,0.8296124164929544,A,B
F2,S1,0.11917571938989226,A,A
F2,S2,-1.8387060674462268,A,A
F2,S3,1.3243034310647541,A,B
F2,S4,-0.10260853363425337,A,B
F3,S1,-0.9019239528071528,A,A
F3,S2,1.3147107360183525,A,A
F3,S3,1.5633510564893798,A,B
F3,S4,-0.1114094007268257,A,B
F4,S1,-0.35561787274685946,B,A
F4,S2,-1.0240524594342655,B,A
F4,S3,1.214226893166034,B,B
F4,S4,1.5046776166490705,B,B
F5,S1,-0.43881277459317203,B,A
F5,S2,1.5916844772304504,B,A
F5,S3,1.318583047812043,B,B
F5,S4,0.4762897801110947,B,B
F6,S1,0.7215848042377154,B,A
F6,S2,-1.4546722542514166,B,A
F6,S3,0.1372049706295117,B,B
F6,S4,0.8516565840073831,B,B
