subject,group,value
S00,A,0.3803631141702608
S00,B,0.38336242472185705
S01,A,0.32459811083131035
S01,B,0.5014043300096963
S02,A,0.257761137822021
S02,B,0.44783145429560406
S03,A,0.407952751873076
S03,B,0.5208093232477696
S04,A,0.46219395826173987
S04,B,0.5124736776004505
S05,A,0.3795871189912964
S05,B,0.642239930143237
S06,A,0.4398528138422547
S06,B,0.5412958790520909
S07,A,0.3918749814045618
S07,B,0.659321582930709
S08,A,0.4117040552540605
S08,B,0.7641860087104033
S09,A,0.562041534508704
S09,B,0.5884332436657393
S10,A,0.405579674298133
S10,B,0.6774749378544164
S11,A,0.5943807624117121
S11,B,0.9776538024031044
