model,observed,predicted
A,0.18448702377750803,0.2249040090363553
A,0.7572403376957872,0.7667369444543644
A,0.05081905408233478,-0.13458804043336295
A,0.5901663105982617,0.4719864284869121
A,0.3489718871464118,0.3369125219306366
A,0.6591013850540004,0.5166847750721105
A,0.8867933696486153,0.9621369441644171
A,0.32212857009904194,0.3138923610427453
A,0.9510701802556571,0.9396212086607713
A,0.4518702354585523,0.4467974245397984
A,0.39988951454637567,0.32387756617591
A,0.20452596777768461,0.1210735737770157
A,0.055650737695164154,-0.09624148535278662
A,0.06108624531024287,0.06296426537453684
A,0.8501450211797864,0.8826457109071912
A,0.007310117632674751,-0.011698073975199338
A,0.6483004330568504,0.6256979961316145
A,0.6096316318919724,0.5344245227373556
A,0.5872352749005229,0.6072901314913323
A,0.459870823835844,0.26375808176025917
A,0.06393323583137334,-0.024422491139158953
A,0.19242039293859248,0.1397471992301541
A,0.6945808746622851,0.6539018755203726
A,0.8909882393571232,0.9084211194280299
A,0.48220086174828447,0.4668083917914266
A,0.3904114645983593,0.4028489147495113
A,0.8334175698963002,0.9330794342404152
A,0.040177965127814685,0.14994616439954211
A,0.5985758345871983,0.6503844647820785
A,0.9712301083954569,1.0711182366501248
B,0.18448702377750803,0.38339582894379254
B,0.7572403376957872,0.7998386778330633
B,0.05081905408233478,-0.10998573801247402
B,0.5901663105982617,0.7057734396243752
B,0.3489718871464118,0.2345564758035596
B,0.6591013850540004,0.8732146308627217
B,0.8867933696486153,1.0851736041638178
B,0.32212857009904194,0.26253255023669975
B,0.9510701802556571,0.8245951984269262
B,0.4518702354585523,0.37267473967202835
B,0.39988951454637567,0.392405186341289
B,0.20452596777768461,0.3518713967144631
B,0.055650737695164154,-0.08642349626762122
B,0.06108624531024287,0.16250488512141356
B,0.8501450211797864,0.6121344844129817
B,0.007310117632674751,0.1468854006154039
B,0.6483004330568504,0.6411746575379481
B,0.6096316318919724,0.6326021529257855
B,0.5872352749005229,0.5750307753190245
B,0.459870823835844,0.5674811103560038
B,0.06393323583137334,0.10663420024163196
B,0.19242039293859248,0.3865329059930228
B,0.6945808746622851,0.490311960802838
B,0.8909882393571232,0.7869049863594391
B,0.48220086174828447,0.32740795395768507
B,0.3904114645983593,0.47295637902377186
B,0.8334175698963002,0.6393460835402077
B,0.040177965127814685,0.31974569525846935
B,0.5985758345871983,0.6091350997893273
B,0.9712301083954569,1.1117488476582091
C,0.18448702377750803,0.03953745448686952
C,0.7572403376957872,0.7866890904476533
C,0.05081905408233478,0.1444563115506812
C,0.5901663105982617,0.4842154539825414
C,0.3489718871464118,0.31480775487283935
C,0.6591013850540004,0.8927081767810943
C,0.8867933696486153,1.0767525522305492
C,0.32212857009904194,0.4089730546618724
C,0.9510701802556571,1.246774697371078
C,0.4518702354585523,0.16000008572491448
C,0.39988951454637567,0.4435745344751588
C,0.20452596777768461,0.14732053172945364
C,0.055650737695164154,0.2692110606481317
C,0.06108624531024287,0.22756720747733494
C,0.8501450211797864,1.025561142935769
C,0.007310117632674751,-0.08222163958830431
C,0.6483004330568504,0.7325352989721017
C,0.6096316318919724,0.7716682478348005
C,0.5872352749005229,0.7818330779664528
C,0.459870823835844,0.32091055453059697
C,0.06393323583137334,-0.038552514508382
C,0.19242039293859248,0.22920141178147233
C,0.6945808746622851,0.9038103761200371
C,0.8909882393571232,0.984030967039273
C,0.48220086174828447,0.68857146319262
C,0.3904114645983593,0.09754162118566567
C,0.8334175698963002,0.7926721976153519
C,0.040177965127814685,0.11500423420132418
C,0.5985758345871983,0.6390134728442295
C,0.9712301083954569,0.6875325555997707
