group,value
A,-0.14276204552842184
A,0.04330283103688948
A,-0.3413387429278318
A,0.2512389078195649
A,0.11489305336707874
A,-0.05256854733948542
A,-0.05615087907423163
A,0.054690366200186226
A,-0.04817885439678113
A,-0.040663595009378446
A,0.12961220760164036
A,0.09264693703927858
A,-0.011543028414152948
A,-0.01538578137345515
A,0.02896493807981602
A,-0.110523311013403
A,-0.07267504763812983
A,0.09868683243715526
A,-0.023486902765355464
A,-0.24739671162181023
A,-0.08591016953397723
A,0.11819188895283679
A,-0.04181089897499003
A,-0.026771905842538204
B,0.5155305930708229
B,0.7284298548847784
B,0.27162603906370825
B,0.6426772264181376
B,0.17859770043882514
B,0.43149597209326734
B,0.1894846864877705
B,0.6432624732107537
B,0.5501061394092853
B,0.6047890212379123
B,0.24060403218001072
B,0.5232199045872523
B,0.30657760063069056
B,0.3176706439926503
B,0.49117667429177153
B,0.5578092710443672
B,0.43679563877296773
B,0.2869623218180923
B,0.25135302624105826
B,0.659977064648542
B,0.5069102639282135
B,0.5295510285571106
B,0.7930278656883096
B,0.2531446692455811
C,1.2607024037130525
C,1.367163464037173
C,1.0913143616468237
C,0.9488791756799446
C,0.6805120481197419
C,0.9790074130076402
C,0.7203154131613686
C,0.7961028578378196
C,0.7477220280698469
C,0.8510893921683855
C,1.0318539887798104
C,0.6999948695840311
C,0.6226273099465481
C,0.6194678206850941
C,0.6257100811007817
C,0.542401462916656
C,0.6356718665109236
C,1.032787810972602
C,0.6932038457169803
C,0.8462793784195486
C,0.5809590861039595
C,0.83053710438208
C,0.48665933926468086
C,0.6742239384536574
