group,x,mean,lower,upper
A,0,0.4,0.34,0.46
A,1,0.4654389393592305,0.4054389393592305,0.5254389393592305
A,2,0.5236739606139474,0.46367396061394744,0.5836739606139474
A,3,0.5682941969615793,0.5082941969615793,0.6282941969615794
A,4,0.5943875802726626,0.5343875802726625,0.6543875802726626
A,5,0.599081591550353,0.5390815915503531,0.659081591550353
A,6,0.5818594853651364,0.5218594853651364,0.6418594853651364
A,7,0.5446171763476649,0.48461717634766494,0.6046171763476649
A,8,0.49145452532716244,0.43145452532716244,0.5514545253271624
A,9,0.4282240016119735,0.36822400161197344,0.48822400161197343
B,0,0.6000000000000001,0.54,0.66
B,1,0.6654389393592305,0.6054389393592305,0.7254389393592304
B,2,0.7236739606139475,0.6636739606139475,0.7836739606139475
B,3,0.7682941969615793,0.7082941969615794,0.8282941969615794
B,4,0.7943875802726625,0.7343875802726626,0.8543875802726626
B,5,0.7990815915503531,0.739081591550353,0.859081591550353
B,6,0.7818594853651364,0.7218594853651363,0.8418594853651364
B,7,0.744617176347665,0.684617176347665,0.8046171763476649
B,8,0.6914545253271625,0.6314545253271624,0.7514545253271625
B,9,0.6282240016119734,0.5682240016119735,0.6882240016119735
C,0,0.8,0.74,0.8600000000000001
C,1,0.8654389393592306,0.8054389393592305,0.9254389393592305
C,2,0.9236739606139475,0.8636739606139474,0.9836739606139475
C,3,0.9682941969615794,0.9082941969615794,1.0282941969615793
C,4,0.9943875802726626,0.9343875802726627,1.0543875802726626
C,5,0.999081591550353,0.939081591550353,1.059081591550353
C,6,0.9818594853651365,0.9218594853651365,1.0418594853651364
C,7,0.944617176347665,0.8846171763476649,1.004617176347665
C,8,0.8914545253271624,0.8314545253271625,0.9514545253271625
C,9,0.8282240016119735,0.7682240016119735,0.8882240016119736
