model,sample,truth,score
A,S1,0,0.19812382507346518
A,S2,1,1.0
A,S3,0,0.2558959232958969
A,S4,1,0.8159629764954206
A,S5,0,0.0
A,S6,1,0.7162522437205886
A,S7,0,0.05896604843229772
A,S8,1,1.0
A,S9,0,0.12518679671275734
A,S10,1,0.7714303774421336
A,S11,0,0.41884545964632314
A,S12,1,0.8681998080343916
A,S13,0,0.0
A,S14,1,0.8649337411389239
A,S15,0,0.3278562643649459
A,S16,1,0.7173034620484356
A,S17,0,0.28357316632256985
A,S18,1,0.7688515873601716
A,S19,0,0.0
A,S20,1,0.6485702328573575
A,S21,0,0.20372891203291732
A,S22,1,0.6444405977896805
A,S23,0,0.29702819872946756
A,S24,1,0.9303544533129842
A,S25,0,0.2492155868547578
A,S26,1,0.682917934475205
A,S27,0,0.4453114981816122
A,S28,1,0.7747548118621227
A,S29,0,0.263634328326402
A,S30,1,0.6125798819399314
A,S31,0,0.1608233466409682
A,S32,1,0.9296585613451247
A,S33,0,0.3338711014166461
A,S34,1,0.716327575416879
A,S35,0,0.2014839477862936
A,S36,1,0.7858154543372771
A,S37,0,0.03058632640932446
A,S38,1,0.7166417162598172
A,S39,0,0.10791852799031337
A,S40,1,0.5005621327992884
A,S41,0,0.22739109447607714
A,S42,1,0.7241164768887803
A,S43,0,0.0
A,S44,1,0.6068986761146258
A,S45,0,0.18432388786440343
A,S46,1,0.22961043888968746
A,S47,0,0.23312060831401754
A,S48,1,0.7980102264034707
A,S49,0,0.31680170822662784
A,S50,1,0.6428499460126882
A,S51,0,0.0
A,S52,1,0.8630917705113094
A,S53,0,0.0
A,S54,1,0.8473704406602319
A,S55,0,0.07837320277989211
A,S56,1,0.5678088391611911
A,S57,0,0.2529806838972763
A,S58,1,0.9520040063505404
A,S59,0,0.1717507934152176
A,S60,1,0.7057669220114582
B,S1,0,0.0
B,S2,1,0.9578020193762489
B,S3,0,0.21821508987144667
B,S4,1,0.6820789251715775
B,S5,0,0.527094671699587
B,S6,1,0.35814286359838843
B,S7,0,0.07384662693349031
B,S8,1,0.7512125484925536
B,S9,0,0.1261130134185129
B,S10,1,0.14085804255024847
B,S11,0,0.2873339828843222
B,S12,1,0.7423750011513144
B,S13,0,0.4526913029335111
B,S14,1,1.0
B,S15,0,0.1530265980520674
B,S16,1,0.8461181654455951
B,S17,0,0.26326498039451574
B,S18,1,0.7924467761083083
B,S19,0,0.16542288412165593
B,S20,1,0.846644184250123
B,S21,0,0.4820409338642594
B,S22,1,0.5377338194874551
B,S23,0,0.6752321498447381
B,S24,1,0.8765743454406972
B,S25,0,0.2757446311985351
B,S26,1,0.18771770182919068
B,S27,0,0.19734342388061618
B,S28,1,0.5060258206447936
B,S29,0,0.3435944448338656
B,S30,1,0.9888924560439624
B,S31,0,0.48747012902956954
B,S32,1,0.7083992110223062
B,S33,0,0.18135099423282564
B,S34,1,0.8592804956844662
B,S35,0,0.0
B,S36,1,0.6415594418475035
B,S37,0,0.06430491470500443
B,S38,1,0.8802039221126772
B,S39,0,0.08565615570249188
B,S40,1,0.9359735089175409
B,S41,0,0.15179132707758877
B,S42,1,0.9638208605601022
B,S43,0,0.7545839125160203
B,S44,1,1.0
B,S45,0,0.4367779203425127
B,S46,1,1.0
B,S47,0,0.1085153553301218
B,S48,1,0.5573430963868602
B,S49,0,0.0
B,S50,1,0.7989382011626793
B,S51,0,0.5683503041097062
B,S52,1,0.5676549259167265
B,S53,0,0.3171667194257504
B,S54,1,0.43819828566804314
B,S55,0,0.0
B,S56,1,0.9644056927742044
B,S57,0,0.028318705431487484
B,S58,1,0.5711435366347926
B,S59,0,0.6938629851010053
B,S60,1,0.7672348189088793
C,S1,0,0.18576655209307533
C,S2,1,0.6765261656322221
C,S3,0,0.3329089090743136
C,S4,1,0.5234953077646206
C,S5,0,0.21834134976623717
C,S6,1,1.0
C,S7,0,0.09739537675168272
C,S8,1,0.0
C,S9,0,0.0
C,S10,1,0.9957848191236639
C,S11,0,0.5586869258645017
C,S12,1,0.8663437611146366
C,S13,0,0.656773087576213
C,S14,1,0.41732188843874046
C,S15,0,0.6092365746447488
C,S16,1,0.8171263223089208
C,S17,0,0.4163093944969447
C,S18,1,0.0
C,S19,0,0.4855947558805356
C,S20,1,0.8245466605378249
C,S21,0,0.8106627434288669
C,S22,1,0.8102231656049487
C,S23,0,0.0
C,S24,1,0.4929612792667858
C,S25,0,0.3297954634217478
C,S26,1,0.8484951322000703
C,S27,0,0.0
C,S28,1,0.408235772322384
C,S29,0,0.6851267789503993
C,S30,1,0.6736241372747797
C,S31,0,0.17807465675455675
C,S32,1,0.5793290943362259
C,S33,0,0.6474796202906012
C,S34,1,1.0
C,S35,0,0.0
C,S36,1,0.725494206730684
C,S37,0,0.0
C,S38,1,1.0
C,S39,0,0.3418486062751863
C,S40,1,0.6603307759778867
C,S41,0,0.09200065934384179
C,S42,1,0.9241339833558572
C,S43,0,0.12127033408149504
C,S44,1,1.0
C,S45,0,0.0
C,S46,1,0.35491051365736126
C,S47,0,0.6513545751681931
C,S48,1,0.613778312822914
C,S49,0,0.6543583501242637
C,S50,1,1.0
C,S51,0,0.0
C,S52,1,0.5549586552282993
C,S53,0,0.21578130869133408
C,S54,1,0.6794586375979063
C,S55,0,0.2969208963486498
C,S56,1,0.5540016350887071
C,S57,0,0.17282276802721733
C,S58,1,1.0
C,S59,0,0.6265336756613528
C,S60,1,0.497185841969271
