cell,group,umap1,umap2
Cell0-0,A,0.6605274375354462,0.17266702984932825
Cell0-1,A,-0.2799072345140321,0.5988771542724615
Cell0-2,A,-1.0375599159196571,-0.25566158265838673
Cell0-3,A,0.530422695938652,0.1879959917642505
Cell0-4,A,-0.1348125658009858,-0.07688811409559633
Cell0-5,A,-0.14012593213405897,0.4336204561451489
Cell0-6,A,-0.18258311043484982,0.3389622302176109
Cell0-7,A,-1.2522443573178224,0.6147097670845156
Cell0-8,A,1.4649330676013272,0.24982256270968775
Cell0-9,A,-0.05191450616212667,-0.2675372379801952
Cell0-10,A,0.4198608796635614,-0.32508697269653236
Cell0-11,A,-0.4912403319810691,-1.064452144222377
Cell0-12,A,0.14556489121251687,-0.14541290261809808
Cell0-13,A,-0.1415805048531392,-0.0011548573608827853
Cell0-14,A,-0.42487066162863013,0.09367579879946361
Cell0-15,A,-0.6479533020740241,-0.057694944269304056
Cell0-16,A,-0.16885040899548262,-0.8541479216585114
Cell0-17,A,-0.7271824198735216,-0.2962457269764621
Cell0-18,A,-0.3374521788650415,0.12959942394949872
Cell0-19,A,-0.24299603300991723,-0.025581050426679863
Cell0-20,A,-0.2452872979295149,-1.2950675844410642
Cell0-21,A,-0.07403761363771293,-0.4210850155575268
Cell0-22,A,-0.09590727871633901,-0.38303919785148927
Cell0-23,A,0.3934059944042637,-0.022956823721240225
Cell0-24,A,0.42496272893948445,0.3906959137269208
Cell1-0,B,2.6600151193924177,2.407636603476236
Cell1-1,B,3.137241335232937,1.4710257077802518
Cell1-2,B,2.930415809631654,2.047034660086321
Cell1-3,B,3.7619506184211824,1.8257166880393312
Cell1-4,B,3.9425186993749715,2.3849395729803113
Cell1-5,B,1.7314453755565073,1.4822120217215222
Cell1-6,B,3.3519287263788153,1.2723329006956057
Cell1-7,B,3.285709530630442,2.6913077800879694
Cell1-8,B,2.839103236325984,2.703846341945719
Cell1-9,B,3.7943607336412537,1.9718289101635986
Cell1-10,B,2.979984321605199,2.09061926017503
Cell1-11,B,3.2669367925721433,1.2212708711613414
Cell1-12,B,2.9130499045079583,1.1633728852098897
Cell1-13,B,2.79292006498246,1.8902973317239267
Cell1-14,B,1.9095423532940845,1.3682315083920829
Cell1-15,B,2.7611460855113132,3.080172553377743
Cell1-16,B,2.167957912118659,2.0622761771321536
Cell1-17,B,2.463870272323307,1.8124786571249822
Cell1-18,B,3.5911053418295666,2.1552373718167455
Cell1-19,B,3.2554671595541707,2.2443793664661875
Cell1-20,B,3.345299759907553,0.9192164980679902
Cell1-21,B,3.2316277351961515,1.9574575104607188
Cell1-22,B,3.2384706941728862,2.4181884586310582
Cell1-23,B,3.2493976836036733,2.345200841014
Cell1-24,B,2.2971250592059964,2.2239034232415396
Cell2-0,C,5.934438344505571,-0.04324657830720841
Cell2-1,C,6.780080836010701,-0.2443354656939952
Cell2-2,C,5.6000366733883515,-0.6567839610979941
Cell2-3,C,5.822639340662813,0.5353431271841635
Cell2-4,C,4.999326223962887,0.12560900768398944
Cell2-5,C,4.480342950076886,-0.3451293845551835
Cell2-6,C,6.262495160462768,-0.2692799137604305
Cell2-7,C,5.278778757736473,-0.18411696368009287
Cell2-8,C,6.593465160790696,0.7459675057378831
Cell2-9,C,6.907326344166126,0.34114427302262984
Cell2-10,C,6.216347568023585,0.4929191531770978
Cell2-11,C,5.30617677782808,-0.4846013203090783
Cell2-12,C,6.774933601362156,0.4281366420393629
Cell2-13,C,6.525049298619274,0.11091290201582113
Cell2-14,C,5.505003069693202,-0.5400510909888251
Cell2-15,C,6.5628281443968435,0.5414133068109026
Cell2-16,C,5.327716109888046,-0.3697570534458601
Cell2-17,C,5.938264108818043,0.43731892057313887
Cell2-18,C,5.795676940498781,-0.4261132475039606
Cell2-19,C,6.593051362166222,0.2986368173927126
Cell2-20,C,5.583446613329352,-0.3296771060317772
Cell2-21,C,6.665985670591942,-0.6404374081754041
Cell2-22,C,5.824274496261781,0.22465380000703056
Cell2-23,C,6.098631713049245,0.4647073756644313
Cell2-24,C,4.973391837171477,0.00880446549970126
