label,log2fc,q
Gene1,0.6764578028368818,0.0003822898798594606
Gene2,-0.9768539026977047,0.03992292750737678
Gene3,0.424892646435961,2.3666400667998044e-05
Gene4,-1.3853654018613715,0.05019451356195346
Gene5,0.7459793891962226,0.00011773189938357692
Gene6,-1.0173199053973823,0.2227192615036445
Gene7,1.3432774930772273,0.34092685507121917
Gene8,-0.18055372806775472,0.027961890412984164
Gene9,0.4031191217824974,0.0009363395252820155
Gene10,4.4413321652647175,1.3435056143558948e-05
Gene11,1.2063497058616268,0.06390956539332886
Gene12,0.40170062620800195,0.0065176022741985015
Gene13,0.06658284221272494,2.5790291273181456e-05
Gene14,-1.5587431770711426,0.007139798159034415
Gene15,1.6263317079037274,1.0734414141633868e-05
Gene16,2.4035087734080824,0.0018066874987221117
Gene17,0.09653268124043554,0.01164885953205796
Gene18,2.5151272920079704,0.10310818123416168
Gene19,-0.1684166550032644,0.0002838112058042331
Gene20,-2.6595815249406227,0.00014461974139323014
Gene21,-0.979857433352683,0.0004523435515700826
Gene22,-1.5854884946184977,1.9768477992258067e-05
Gene23,-0.4118100354514006,0.4544617472860167
Gene24,0.9404712162776844,0.2530319745225898
Gene25,-1.3934603573575348,0.010248984844020974
Gene26,-0.12036766572634804,2.3601364984508653e-05
Gene27,0.29902814153525525,2.619016637285419e-05
Gene28,-1.0995423629693206,0.4575220641409204
Gene29,-1.3639786413525345,4.2169436073255795e-05
Gene30,0.13077421639719317,5.3498759169737994e-05
Gene31,1.3085544684218091,0.08459622975888482
Gene32,-0.9048421108373057,0.0003218525918512817
Gene33,-1.1270874506956865,0.001142275636855046
Gene34,-0.21188000958630243,0.001122321168556824
Gene35,0.4349229159552881,0.03164683478948238
Gene36,-0.8145252808125876,0.0022996476189195243
Gene37,-0.5012216589062162,0.1150866836667064
Gene38,-0.34690282379912163,0.0030178365974094243
Gene39,-1.6286873915825864,0.00028333360110072543
Gene40,-0.2663056637067347,9.39473291767342e-05
Gene41,-0.8400717042578091,0.05957530296493153
Gene42,2.3750837446750026,0.0001251814441805972
Gene43,-0.775983652746733,0.011079981987847905
Gene44,0.6856665031734132,0.010162975898357667
Gene45,0.5692782619001633,0.6549949464401581
Gene46,-1.6770481810809181,2.806103285059319e-05
Gene47,-1.8734245309325548,0.00010904408525492356
Gene48,-0.6682284453313656,0.02031258922928853
Gene49,0.9938611756834506,0.00045133334929483746
Gene50,-0.8598589682224247,4.3945494861111704e-05
Gene51,-0.984231615790782,0.2998078601992962
Gene52,-4.350331109613786,0.04543410422527476
Gene53,-0.5952583383052851,0.00012964648938497075
Gene54,0.4687183252372117,2.9926196352002008e-05
Gene55,0.6670308389638874,0.16295265206036488
Gene56,0.6437883941118432,0.007076357290161337
Gene57,-0.4917667256063547,0.44452186261213056
Gene58,-0.3407367438003166,0.003853964284226892
Gene59,1.248414381106616,0.0001426894323723926
Gene60,-0.2035663267599792,4.653830169689397e-05
Gene61,-3.4545649973963215,0.0012290359335749637
Gene62,1.5300145213817262,0.026307976420133435
Gene63,-1.6165206921695416,1.0507537624192768e-05
Gene64,2.0629333146595474,0.0009478923729396687
Gene65,2.5412204527785365,0.0010450624796069822
Gene66,1.1436595130373692,0.02264939219315346
Gene67,1.3561735515823263,9.436471359108197e-05
Gene68,2.7866980495110654,0.24008069748389851
Gene69,-1.6531864585524725,0.0004221245534012318
Gene70,0.38077775687869175,0.13615697815450648
Gene71,0.35859920294880354,0.137439990380941
Gene72,-1.4506644967325695,0.2657054640694961
Gene73,3.0177186866248835,0.00019685451875401056
Gene74,-0.8710400760972731,0.15824458994929172
Gene75,-1.0968694571946878,0.0001420812727713362
Gene76,0.40157137296167966,0.000993607840875088
Gene77,1.5466763974809044,7.734203687310962e-05
Gene78,-0.9015697995683332,0.00263423522578558
Gene79,-0.8993509378006934,2.3766877707441062e-05
Gene80,0.7561636669153481,0.6084302955809395
Gene81,-2.1384217492588458,1.1614033067151359e-05
Gene82,-1.1588784235665375,0.003040750043881159
Gene83,-1.2573526998110789,0.15505168026445895
Gene84,-0.6515014057068587,4.598059779511565e-05
Gene85,-0.2133995999111924,0.0096718408501058
Gene86,2.766312641058938,0.004522854842912985
Gene87,1.3610413849925074,0.06133139213646815
Gene88,0.03359732346836551,0.031115279657205546
Gene89,-0.337052836200328,0.133372821581538
Gene90,1.3115268983795696,0.09255893026785858
Gene91,0.6425998932212701,0.008209179027854388
Gene92,1.33681343440198,0.0005621095176006662
Gene93,2.0714626180324185,3.44462354388774e-05
Gene94,-1.5122773622757393,6.593089403232459e-05
Gene95,-3.37928243823324,0.22700628029908376
Gene96,-0.03270374133417235,0.00021503201751643612
Gene97,0.11919205475877898,0.2952251481402304
Gene98,0.43016828839952687,0.00033918115522052673
Gene99,-0.8982356473668454,1.9332378771610014e-05
Gene100,-0.3489304195660135,0.00028183012639667335
