group,x,response
Model A,0.0,0.0
Model A,1.0,0.21429197007683445
Model A,2.0,0.357936173323806
Model A,3.0,0.45422376225706856
Model A,4.0,0.518767263303474
Model A,5.0,0.5620320658962018
Model A,6.0,0.5910333303618819
Model A,7.0,0.6104734592936084
Model A,8.0,0.623504567414062
Model A,9.0,0.6322395804092599
Model A,10.0,0.6380948347223228
Model A,11.0,0.6420197290630055
Model A,12.0,0.644650664418137
Model B,0.0,0.0
Model B,1.0,0.19384771140127693
Model B,2.0,0.33951986483394775
Model B,3.0,0.44898918037197905
Model B,4.0,0.5312528852873031
Model B,5.0,0.5930721915754149
Model B,6.0,0.6395279965245971
Model B,7.0,0.6744384790754421
Model B,8.0,0.7006729140027032
Model B,9.0,0.720387496147201
Model B,10.0,0.7352025569712585
Model B,11.0,0.746335738776067
Model B,12.0,0.7547020721020595
Model C,0.0,0.0
Model C,1.0,0.18132896334570467
Model C,2.0,0.32652584652874134
Model C,3.0,0.4427904216803413
Model C,4.0,0.5358878156384594
Model C,5.0,0.6104343810948059
Model C,6.0,0.6701266043146887
Model C,7.0,0.7179244001101079
Model C,8.0,0.7561978829804799
Model C,9.0,0.7868448922546825
Model C,10.0,0.8113850988680748
Model C,11.0,0.8310353601787244
Model C,12.0,0.8467700593872506
