feature,sample,value
Feature 1,Sample 1,0.11487644431113753
Feature 1,Sample 2,-0.3695536111318892
Feature 1,Sample 3,0.7780986256334913
Feature 1,Sample 4,0.2657029799452037
Feature 1,Sample 5,0.20395574149744702
Feature 2,Sample 1,-1.4835909749556633
Feature 2,Sample 2,-1.4593225538131527
Feature 2,Sample 3,0.3705360273126207
Feature 2,Sample 4,0.07605711276741685
Feature 2,Sample 5,0.13874089268518713
Feature 3,Sample 1,0.16626292710140902
Feature 3,Sample 2,0.41145641738933886
Feature 3,Sample 3,0.036065663748993046
Feature 3,Sample 4,0.15777085965866533
Feature 3,Sample 5,0.2561143548611664
Feature 4,Sample 1,0.9294095438577271
Feature 4,Sample 2,-0.5146888155437539
Feature 4,Sample 3,0.7863962209204661
Feature 4,Sample 4,0.6363833640258746
Feature 4,Sample 5,0.1054020063216726
