group,x,y
Model A,0.47531680646178476,0.22738292741526014
Model A,0.3969217610757718,0.3392552484532294
Model A,0.23562771987797632,0.18295284567664657
Model A,0.6151225774557502,0.41945450202343754
Model A,0.4635474981531123,0.43097266888176555
Model A,0.33499192855789234,0.14388475073023915
Model A,0.24894531517440857,0.3285292349930545
Model A,0.8808928543325705,0.7490992819473318
Model A,0.807589199745361,0.5978424382654259
Model A,0.62637419285073,0.43372197291930537
Model A,0.37784554973392753,0.1802397929980339
Model A,0.949478801430666,0.6393012748058152
Model A,0.5852085057774182,0.32013665302920535
Model A,0.46112460263895444,0.27515920629808027
Model A,0.905427119054011,0.5229259490151248
Model A,0.35337471370676926,0.23189292517843368
Model A,0.7111951266270942,0.5168825160572939
Model A,0.3481293108992516,0.16998670248889636
Model A,0.29847539399621,0.1101069680436058
Model A,0.7157988450258126,0.35927234839302413
Model B,0.7983402950066444,0.5764553028745614
Model B,0.6570749396118181,0.5304527362556374
Model B,0.6766269041164018,0.5400925723545987
Model B,0.5687572184056103,0.5216007769817139
Model B,0.9214001346606986,0.5967032822856141
Model B,0.2716000458901318,0.10279658641548975
Model B,0.6193501926561018,0.4796423845013832
Model B,0.823530908778068,0.5513012843942953
Model B,0.17802337904007345,0.20491162290845658
Model B,0.6347328606409236,0.59734071792729
Model B,0.43269180175309524,0.28241615469539155
Model B,0.7777345243929686,0.6201765282016146
Model B,0.11432864258951356,0.23480791366230447
Model B,0.6264736619824932,0.5081357339133042
Model B,0.8642247554873145,0.6968304244343572
Model B,0.646930469244936,0.456072922047523
Model B,0.3552708106808447,0.26545680707692776
Model B,0.6730062531257947,0.5765325477747576
Model B,0.37124520059921023,0.3731681218895759
Model B,0.6851631489895855,0.608424359344433
Model C,0.45179874253301316,0.4959008058320865
Model C,0.22447736773685972,0.374653241987817
Model C,0.7703370873660664,0.614900942681424
Model C,0.5765684120758712,0.6371253833145064
Model C,0.4662377598144206,0.4194769985009599
Model C,0.2785947397230846,0.24261569047261683
Model C,0.7922975985349818,0.775137447708539
Model C,0.39702080386828753,0.4083414672351991
Model C,0.09093615610286591,0.2575975997576741
Model C,0.9671008063524459,0.9148534705678586
Model C,0.0789415677186503,0.32691933500379444
Model C,0.16444562374268046,0.3429570123607845
Model C,0.49252190444561034,0.570407110691437
Model C,0.24746219449333703,0.29755170836198924
Model C,0.36837828570679065,0.4737431726709556
Model C,0.5891869798366737,0.6312077859314836
Model C,0.9599498546460055,0.8288494706851091
Model C,0.9394966130449525,0.7494085438050262
Model C,0.12020117705297345,0.009801736162621477
Model C,0.8606479734469993,0.7553999598542553
